{"zigbee_converters.md":"030e56b2","heating_сurve.md":"0eb59b06","index.md":"40c39d16","http_api.md":"ca820ac6","en_slscommand.md":"a9ceb54b","integrations_has.md":"92f3f41a","en_index.md":"2f0268f2","map.md":"1b3b0060","web.md":"dfeef55d","donate.md":"d1247d93","en_http_api.md":"6edc701b","flashing_rus.md":"b0f5fadc","update_coordinator.md":"8fa938d4","ot_boiler_compatibility.md":"4f901ef4","knx.md":"d429e6c4","devices_din_mini_lighting_rus.md":"ddc10d1a","gpio_sample.md":"6f75e4b1","en_web.md":"2986e27a","devices_din_mini_boiler_rus.md":"9a211ca5","en_faq.md":"04c3065a","en_integrations_majordomo.md":"e77fc01b","backup.md":"9d6db2bf","1wire.md":"245980a7","en_donate.md":"2cde6756","devices_din_mini_base_rus.md":"cb3bccb5","integrations_yandex.md":"23213e36","simplebind.md":"c49cfce6","objects.md":"68c2047a","sls_dev.md":"baaffdb2","en_bind.md":"287520e3","telegram.md":"29f21982","led_control.md":"9efe22ab","sls_pro.md":"981fe11d","en_map.md":"b3518a76","modbus.md":"718afa2e","en_trv_ext_temp.md":"b977f48c","bridge_rus.md":"aa3fe1d6","scenes.md":"9375d379","offer.md":"38ce5db5","devices_images_readme.md":"7841bec3","basic.md":"231c85f7","firststart.md":"2eb952b1","en_integrations_has.md":"579855f9","readme.md":"c8a8e93d","en_ui.md":"9415126c","en_firststart.md":"d73923e9","lua.md":"1db2d50b","ui.md":"626024a9","bind.md":"bf907652","trv_ext_temp.md":"7e818685","en_update_coordinator.md":"5d299b30","cloud.md":"0fdcd63a","devices_din_mini_dp_rus.md":"795f0884","storage.md":"8b66cc4c","faq.md":"670c147a","mqtt.md":"b0643e6f","timers.md":"25f4ab74","devices_din_mini_io_com_rus.md":"7ac394fe","integrations_majordomo.md":"bb65d87f","en_simplebind.md":"5349dffb","en_touchlink.md":"30a8eb87","touchlink.md":"0d87dd4b","en_readme.md":"5d9f51b0","slscommand.md":"acb676dd","devices_din_mini_io_rus.md":"15658a16","en_lua.md":"42fcf26e","samples.md":"fd23030e"}
